"Recurring Orders","Wiederkehrende Bestellungen"
"Configuration for recurring order schedules.","Konfiguration für wiederkehrende Bestellpläne."
General,Allgemein
"General recurring order settings.","Allgemeine Einstellungen für wiederkehrende Bestellungen."
Schedule,Zeitplan
"Controls how recurring order schedules behave.","Steuert das Verhalten von Zeitplänen für wiederkehrende Bestellungen."
"Schedule Grace Period",Benachrichtigungsvorlaufzeit
"Number of hours before the next order trigger date when the pre-order notification is sent to the customer.","Anzahl der Stunden vor dem nächsten Bestellauslösedatum, zu dem die Vorbenachrichtigung an den Kunden gesendet wird."
"Enter time in hours","Zeit in Stunden eingeben"
"Schedule grace period is required","Die Benachrichtigungsvorlaufzeit ist erforderlich."
"Must be at least 1 hour","Muss mindestens 1 Stunde betragen."
"Cannot exceed 720 hours (30 days)","Darf 720 Stunden (30 Tage) nicht überschreiten."
"Recurring Order Schedules","Wiederkehrende Bestellpläne"
"List of Recurring Order Schedules","Liste der wiederkehrenden Bestellpläne"
"Recurring Order Schedule","Wiederkehrender Bestellplan"
"Schedule Details",Plandetails
"Scheduled Items","Geplante Artikel"
"Apply filters","Filter anwenden"
"Reset filters","Filter zurücksetzen"
Name,Name
Company,Unternehmen
"Business Unit",Geschäftseinheit
Owner,Eigentümer
Status,Status
Frequency,Häufigkeit
"Cycle Total",Zyklussumme
"Next Trigger Date","Nächstes Auslösedatum"
"Last Execution","Letzte Ausführung"
Actions,Aktionen
View,Ansehen
"Original Order","Ursprüngliche Bestellung"
"Product Name",Produktname
"Bundle: %name%","Bündel: %name%"
SKU,SKU
Merchant,Händler
Quantity,Menge
"No scheduled items.","Keine geplanten Artikel."
"Select Statuses","Status auswählen"
"Select Frequency","Häufigkeit auswählen"
"Cycle total from","Zyklussumme von"
"Cycle total to","Zyklussumme bis"
"Next trigger date from","Nächstes Auslösedatum von"
"Next trigger date to","Nächstes Auslösedatum bis"
"Recurring order schedule was not found.","Der wiederkehrende Bestellplan wurde nicht gefunden."
Active,Aktiv
Paused,Pausiert
"Review required","Prüfung erforderlich"
Cancelled,Abgebrochen
Weekly,Wöchentlich
Bi-weekly,Zweiwöchentlich
Monthly,Monatlich
"Every N weeks","Alle N Wochen"
Failed,Fehlgeschlagen
Price,Preis
"Total Committed Recurring Volume","Gesamtes zugesagtes wiederkehrendes Volumen"
"Current month run-rate: %orders% orders already placed plus %count% active schedules still due. Global — not affected by filters.","Laufrate für den aktuellen Monat: %orders% bereits aufgegebene Bestellungen plus %count% noch fällige aktive Zeitpläne. Global – nicht von Filtern betroffen."
"Already placed: %executed% · Still planned: %planned%","Bereits bestellt: %executed% · Noch geplant: %planned%"
"Current month","Aktueller Monat"
"No recurring order activity this month.","Keine wiederkehrenden Bestellaktivitäten in diesem Monat."
Total,Summe
"Sum total",Gesamtsumme
"Address ""%uuid%"" is not one of customer ""%customerReference%"" addresses.","Die Adresse ""%uuid%"" gehört nicht zu den Adressen des Kunden ""%customerReference%""."
"Merchant ""%merchantReference%"" was not found or is not active.","Der Händler ""%merchantReference%"" wurde nicht gefunden oder ist nicht aktiv."
"Product ""%sku%"" is not sold as a package, so it takes no packaging amount.","Das Produkt ""%sku%"" wird nicht als Gebinde verkauft und benötigt daher keine Gebindemenge."
"Product ""%sku%"" is sold only in its configured amount of %defaultAmount%. Omit the amount, or send that figure.","Das Produkt ""%sku%"" wird nur in der konfigurierten Menge von %defaultAmount% verkauft. Lassen Sie die Menge weg, oder senden Sie genau diesen Wert."
"Amount %amount% is below the minimum of %min% for product ""%sku%"".","Die Menge %amount% liegt unter dem Minimum von %min% für das Produkt ""%sku%""."
"Amount %amount% is above the maximum of %max% for product ""%sku%"".","Die Menge %amount% liegt über dem Maximum von %max% für das Produkt ""%sku%""."
"Amount %amount% is not a step of %interval% for product ""%sku%"".","Die Menge %amount% ist kein Vielfaches von %interval% für das Produkt ""%sku%""."
"Measurement unit ""%code%"" is not a sales unit of ""%leadSku%"", the product contained in ""%sku%"".","Die Maßeinheit ""%code%"" ist keine Verkaufseinheit von ""%leadSku%"", dem in ""%sku%"" enthaltenen Produkt."
"Measurement unit ""%code%"" matches more than one sales unit of ""%leadSku%"".","Die Maßeinheit ""%code%"" trifft auf mehr als eine Verkaufseinheit von ""%leadSku%"" zu."
"Product ""%sku%"" has no packaging amount configured and cannot be ordered as a package.","Für das Produkt ""%sku%"" ist keine Gebindemenge konfiguriert und es kann nicht als Gebinde bestellt werden."
"Cart code ""%cartCode%"" was rejected: %reason%","Der Gutscheincode ""%cartCode%"" wurde abgelehnt: %reason%"
"Payment method is required.","Eine Zahlungsmethode ist erforderlich."
"Payment method ""%paymentMethod%"" was not found or is not available for %store% %currency%.","Die Zahlungsmethode ""%paymentMethod%"" wurde nicht gefunden oder ist für %store% %currency% nicht verfügbar."
"No price found for ""%sku%"" in %store% %currency%. Send a unitCustomPrice to override.","Für ""%sku%"" wurde kein Preis in %store% %currency% gefunden. Senden Sie einen unitCustomPrice, um dies zu überschreiben."
"Product with SKU ""%sku%"" was not found.","Das Produkt mit der SKU ""%sku%"" wurde nicht gefunden."
"Locale ""%localeName%"" was not found.","Das Gebietsschema ""%localeName%"" wurde nicht gefunden."
"Product offer ""%productOfferReference%"" was not found, or is not active and approved.","Das Produktangebot ""%productOfferReference%"" wurde nicht gefunden oder ist nicht aktiv und genehmigt."
"Product offer ""%productOfferReference%"" sells ""%offerSku%"", not ""%itemSku%"".","Das Produktangebot ""%productOfferReference%"" verkauft ""%offerSku%"", nicht ""%itemSku%""."
"Product offer ""%productOfferReference%"" belongs to merchant ""%offerMerchantReference%"", not ""%itemMerchantReference%"".","Das Produktangebot ""%productOfferReference%"" gehört zum Händler ""%offerMerchantReference%"", nicht zu ""%itemMerchantReference%""."
"A customerReference is required. Order intake places orders for existing customers only.","Eine customerReference ist erforderlich. Die Bestellannahme legt Bestellungen nur für bestehende Kunden an."
"Customer ""%customerReference%"" was not found.","Der Kunde ""%customerReference%"" wurde nicht gefunden."
"Customer ""%customerReference%"" has no active company user in company business unit ""%companyBusinessUnitUuid%"".","Der Kunde ""%customerReference%"" hat keinen aktiven Firmenbenutzer in der Unternehmenseinheit ""%companyBusinessUnitUuid%""."
"Customer ""%customerReference%"" has several active company users in company business unit ""%companyBusinessUnitUuid%"", so the one to buy as cannot be determined.","Der Kunde ""%customerReference%"" hat mehrere aktive Firmenbenutzer in der Unternehmenseinheit ""%companyBusinessUnitUuid%"", sodass nicht bestimmt werden kann, als wer gekauft werden soll."
"The order was created, but the requested order locale could not be applied to it.","Die Bestellung wurde erstellt, aber das angeforderte Bestell-Gebietsschema konnte nicht angewendet werden."
"""%field%"" is required.","""%field%"" ist erforderlich."
"""%field%"" must be at least 1.","""%field%"" muss mindestens 1 sein."
"""%field%"" must be greater than 0.","""%field%"" muss größer als 0 sein."
"""%field%"" cannot be negative.","""%field%"" darf nicht negativ sein."
"Product option ""%productOptionSku%"" was not found, belongs to an inactive option group, or is not assigned to product ""%itemSku%"".","Die Produktoption ""%productOptionSku%"" wurde nicht gefunden, gehört zu einer inaktiven Optionsgruppe oder ist dem Produkt ""%itemSku%"" nicht zugeordnet."
"Product option ""%productOptionSku%"" has no price in the order's store and currency.","Die Produktoption ""%productOptionSku%"" hat keinen Preis im Store und der Währung der Bestellung."
"Product option ""%productOptionSku%"" is listed more than once on this line.","Die Produktoption ""%productOptionSku%"" ist in dieser Zeile mehrfach aufgeführt."
"Measurement unit ""%code%"" is not a sales unit of product ""%sku%"" in store ""%storeName%"".","Die Maßeinheit ""%code%"" ist keine Verkaufseinheit des Produkts ""%sku%"" im Store ""%storeName%""."
"Measurement unit ""%code%"" matches more than one sales unit of product ""%sku%"".","Die Maßeinheit ""%code%"" trifft auf mehr als eine Verkaufseinheit des Produkts ""%sku%"" zu."
"Amount %amount% of ""%code%"" is %rawQuantity% base units, which is not a whole number. Order a multiple of %step%.","Die Menge %amount% von ""%code%"" entspricht %rawQuantity% Basiseinheiten, was keine ganze Zahl ist. Bestellen Sie ein Vielfaches von %step%."
"Amount %amount% of ""%code%"" resolves to no base units at all.","Die Menge %amount% von ""%code%"" entspricht keinen Basiseinheiten."
"Quantity %quantity% contradicts amount %amount% of ""%code%"", which is %derivedQuantity% base units. Omit the quantity, or send the base-unit figure.","Die Menge %quantity% widerspricht der Menge %amount% von ""%code%"", was %derivedQuantity% Basiseinheiten entspricht. Lassen Sie die Menge weg, oder senden Sie den Basiseinheitswert."
"Store ""%storeName%"" was not found.","Der Store ""%storeName%"" wurde nicht gefunden."
"A shipment method name is required to place an order.","Zum Aufgeben einer Bestellung ist ein Versandmethodenname erforderlich."
"Shipment method ""%shipmentMethodName%"" was not found.","Die Versandmethode ""%shipmentMethodName%"" wurde nicht gefunden."
"Shipment method ""%shipmentMethodName%"" is not active.","Die Versandmethode ""%shipmentMethodName%"" ist nicht aktiv."
"Cart code ""%cartCode%"" was not applied: it is unknown, inactive, or does not apply to this order.","Der Gutscheincode ""%cartCode%"" wurde nicht angewendet: Er ist unbekannt, inaktiv oder für diese Bestellung nicht gültig."
cart.voucher.apply.successful,"Ihr Gutscheincode wurde angewendet"
cart.voucher.apply.non_applicable,"Ihr Gutscheincode ist für diesen Warenkorb nicht gültig"
cart.giftcard.apply.successful,"Ihr Geschenkgutschein wurde angewendet"
cart.giftcard.apply.failed,"Geschenkgutschein konnte nicht angewendet werden"
