"Recurring Orders","Recurring Orders"
"Configuration for recurring order schedules.","Configuration for recurring order schedules."
General,General
"General recurring order settings.","General recurring order settings."
Schedule,Schedule
"Controls how recurring order schedules behave.","Controls how recurring order schedules behave."
"Schedule Grace Period","Schedule Grace Period"
"Number of hours before the next order trigger date when the pre-order notification is sent to the customer.","Number of hours before the next order trigger date when the pre-order notification is sent to the customer."
"Enter time in hours","Enter time in hours"
"Schedule grace period is required","Schedule grace period is required"
"Must be at least 1 hour","Must be at least 1 hour"
"Cannot exceed 720 hours (30 days)","Cannot exceed 720 hours (30 days)"
"Recurring Order Schedules","Recurring Order Schedules"
"List of Recurring Order Schedules","List of Recurring Order Schedules"
"Recurring Order Schedule","Recurring Order Schedule"
"Schedule Details","Schedule Details"
"Scheduled Items","Scheduled Items"
"Apply filters","Apply filters"
"Reset filters","Reset filters"
Name,Name
Company,Company
"Business Unit","Business Unit"
Owner,Owner
Status,Status
Frequency,Frequency
"Cycle Total","Cycle Total"
"Next Trigger Date","Next Trigger Date"
"Last Execution","Last Execution"
Actions,Actions
View,View
"Original Order","Original Order"
"Product Name","Product Name"
"Bundle: %name%","Bundle: %name%"
SKU,SKU
Merchant,Merchant
Quantity,Quantity
"No scheduled items.","No scheduled items."
"Select Statuses","Select Statuses"
"Select Frequency","Select Frequency"
"Cycle total from","Cycle total from"
"Cycle total to","Cycle total to"
"Next trigger date from","Next trigger date from"
"Next trigger date to","Next trigger date to"
"Recurring order schedule was not found.","Recurring order schedule was not found."
Active,Active
Paused,Paused
"Review required","Review required"
Cancelled,Cancelled
Weekly,Weekly
Bi-weekly,Bi-weekly
Monthly,Monthly
"Every N weeks","Every N weeks"
Failed,Failed
Price,Price
"Total Committed Recurring Volume","Total Committed Recurring Volume"
"Current month run-rate: %orders% orders already placed plus %count% active schedules still due. Global — not affected by filters.","Current month run-rate: %orders% orders already placed plus %count% active schedules still due. Global — not affected by filters."
"Already placed: %executed% · Still planned: %planned%","Already placed: %executed% · Still planned: %planned%"
"Current month","Current month"
"No recurring order activity this month.","No recurring order activity this month."
Total,Total
"Sum total","Sum total"
"Address ""%uuid%"" is not one of customer ""%customerReference%"" addresses.","Address ""%uuid%"" is not one of customer ""%customerReference%"" addresses."
"Merchant ""%merchantReference%"" was not found or is not active.","Merchant ""%merchantReference%"" was not found or is not active."
"Product ""%sku%"" is not sold as a package, so it takes no packaging amount.","Product ""%sku%"" is not sold as a package, so it takes no packaging amount."
"Product ""%sku%"" is sold only in its configured amount of %defaultAmount%. Omit the amount, or send that figure.","Product ""%sku%"" is sold only in its configured amount of %defaultAmount%. Omit the amount, or send that figure."
"Amount %amount% is below the minimum of %min% for product ""%sku%"".","Amount %amount% is below the minimum of %min% for product ""%sku%""."
"Amount %amount% is above the maximum of %max% for product ""%sku%"".","Amount %amount% is above the maximum of %max% for product ""%sku%""."
"Amount %amount% is not a step of %interval% for product ""%sku%"".","Amount %amount% is not a step of %interval% for product ""%sku%""."
"Measurement unit ""%code%"" is not a sales unit of ""%leadSku%"", the product contained in ""%sku%"".","Measurement unit ""%code%"" is not a sales unit of ""%leadSku%"", the product contained in ""%sku%""."
"Measurement unit ""%code%"" matches more than one sales unit of ""%leadSku%"".","Measurement unit ""%code%"" matches more than one sales unit of ""%leadSku%""."
"Product ""%sku%"" has no packaging amount configured and cannot be ordered as a package.","Product ""%sku%"" has no packaging amount configured and cannot be ordered as a package."
"Cart code ""%cartCode%"" was rejected: %reason%","Cart code ""%cartCode%"" was rejected: %reason%"
"Payment method is required.","Payment method is required."
"Payment method ""%paymentMethod%"" was not found or is not available for %store% %currency%.","Payment method ""%paymentMethod%"" was not found or is not available for %store% %currency%."
"No price found for ""%sku%"" in %store% %currency%. Send a unitCustomPrice to override.","No price found for ""%sku%"" in %store% %currency%. Send a unitCustomPrice to override."
"Product with SKU ""%sku%"" was not found.","Product with SKU ""%sku%"" was not found."
"Locale ""%localeName%"" was not found.","Locale ""%localeName%"" was not found."
"Product offer ""%productOfferReference%"" was not found, or is not active and approved.","Product offer ""%productOfferReference%"" was not found, or is not active and approved."
"Product offer ""%productOfferReference%"" sells ""%offerSku%"", not ""%itemSku%"".","Product offer ""%productOfferReference%"" sells ""%offerSku%"", not ""%itemSku%""."
"Product offer ""%productOfferReference%"" belongs to merchant ""%offerMerchantReference%"", not ""%itemMerchantReference%"".","Product offer ""%productOfferReference%"" belongs to merchant ""%offerMerchantReference%"", not ""%itemMerchantReference%""."
"A customerReference is required. Order intake places orders for existing customers only.","A customerReference is required. Order intake places orders for existing customers only."
"Customer ""%customerReference%"" was not found.","Customer ""%customerReference%"" was not found."
"Customer ""%customerReference%"" has no active company user in company business unit ""%companyBusinessUnitUuid%"".","Customer ""%customerReference%"" has no active company user in company business unit ""%companyBusinessUnitUuid%""."
"Customer ""%customerReference%"" has several active company users in company business unit ""%companyBusinessUnitUuid%"", so the one to buy as cannot be determined.","Customer ""%customerReference%"" has several active company users in company business unit ""%companyBusinessUnitUuid%"", so the one to buy as cannot be determined."
"The order was created, but the requested order locale could not be applied to it.","The order was created, but the requested order locale could not be applied to it."
"""%field%"" is required.","""%field%"" is required."
"""%field%"" must be at least 1.","""%field%"" must be at least 1."
"""%field%"" must be greater than 0.","""%field%"" must be greater than 0."
"""%field%"" cannot be negative.","""%field%"" cannot be negative."
"Product option ""%productOptionSku%"" was not found, belongs to an inactive option group, or is not assigned to product ""%itemSku%"".","Product option ""%productOptionSku%"" was not found, belongs to an inactive option group, or is not assigned to product ""%itemSku%""."
"Product option ""%productOptionSku%"" has no price in the order's store and currency.","Product option ""%productOptionSku%"" has no price in the order's store and currency."
"Product option ""%productOptionSku%"" is listed more than once on this line.","Product option ""%productOptionSku%"" is listed more than once on this line."
"Measurement unit ""%code%"" is not a sales unit of product ""%sku%"" in store ""%storeName%"".","Measurement unit ""%code%"" is not a sales unit of product ""%sku%"" in store ""%storeName%""."
"Measurement unit ""%code%"" matches more than one sales unit of product ""%sku%"".","Measurement unit ""%code%"" matches more than one sales unit of product ""%sku%""."
"Amount %amount% of ""%code%"" is %rawQuantity% base units, which is not a whole number. Order a multiple of %step%.","Amount %amount% of ""%code%"" is %rawQuantity% base units, which is not a whole number. Order a multiple of %step%."
"Amount %amount% of ""%code%"" resolves to no base units at all.","Amount %amount% of ""%code%"" resolves to no base units at all."
"Quantity %quantity% contradicts amount %amount% of ""%code%"", which is %derivedQuantity% base units. Omit the quantity, or send the base-unit figure.","Quantity %quantity% contradicts amount %amount% of ""%code%"", which is %derivedQuantity% base units. Omit the quantity, or send the base-unit figure."
"Store ""%storeName%"" was not found.","Store ""%storeName%"" was not found."
"A shipment method name is required to place an order.","A shipment method name is required to place an order."
"Shipment method ""%shipmentMethodName%"" was not found.","Shipment method ""%shipmentMethodName%"" was not found."
"Shipment method ""%shipmentMethodName%"" is not active.","Shipment method ""%shipmentMethodName%"" is not active."
"Cart code ""%cartCode%"" was not applied: it is unknown, inactive, or does not apply to this order.","Cart code ""%cartCode%"" was not applied: it is unknown, inactive, or does not apply to this order."
cart.voucher.apply.successful,"Your voucher code has been applied"
cart.voucher.apply.non_applicable,"Your voucher code is not applicable to this cart"
cart.giftcard.apply.successful,"Your gift card code has been applied"
cart.giftcard.apply.failed,"The gift card is not applicable"
